{
  "id": "",
  "name": "",
  "font_family": "iconfont",
  "css_prefix_text": "icon-",
  "description": "",
  "glyphs": [
    {
      "icon_id": "689262",
      "name": "类目 品类 分类 类别",
      "font_class": "leimupinleifenleileibie",
      "unicode": "e7f9",
      "unicode_decimal": 59385
    },
    {
      "icon_id": "1638197",
      "name": "购物车",
      "font_class": "gouwuche",
      "unicode": "e60c",
      "unicode_decimal": 58892
    },
    {
      "icon_id": "4550493",
      "name": "我的",
      "font_class": "wode",
      "unicode": "e613",
      "unicode_decimal": 58899
    },
    {
      "icon_id": "9809642",
      "name": "首页",
      "font_class": "shouye",
      "unicode": "e659",
      "unicode_decimal": 58969
    }
  ]
}
